{"NCIS": {"rating": 7.1919598626824488, "rank": 70}, "Grimm": {"rating": 6.9693256636744243, "rank": 77}, "Vikings": {"rating": 7.2544603682133415, "rank": 65}, "Penny Dreadful": {"rating": 7.0220342851900179, "rank": 75}, "The Girlfriend Experience": {"rating": 8.0963941077376429, "rank": 29}, "Suits": {"rating": 7.651135205517261, "rank": 44}, "Gotham": {"rating": 7.0510179792357572, "rank": 73}, "Supernatural": {"rating": 6.8266377473996869, "rank": 88}, "The Blacklist": {"rating": 7.5128498457152881, "rank": 53}, "Supergirl": {"rating": 6.5765660262078347, "rank": 95}, "The Flash": {"rating": 8.0963941077376429, "rank": 28}, "Grey's Anatomy": {"rating": 8.3319715389890145, "rank": 18}, "Shameless": {"rating": 7.1644440693154721, "rank": 71}, "Hawaii Five-0": {"rating": 7.371353841297565, "rank": 60}, "Prison Break": {"rating": 8.5045277696821895, "rank": 11}, "The X-Files": {"rating": 7.8128519618640793, "rank": 37}, "Banshee": {"rating": 7.2975670498989, "rank": 61}, "Arrow": {"rating": 8.365916349413574, "rank": 16}, "The 100": {"rating": 7.4352311526375905, "rank": 57}, "Z Nation": {"rating": 6.8609744310474179, "rank": 85}, "The Walking Dead": {"rating": 9.5455145139899553, "rank": 1}, "Jessica Jones": {"rating": 7.9409740045619559, "rank": 33}, "Bob's Burgers": {"rating": 6.8610164323600316, "rank": 84}, "The Path": {"rating": 7.6124472587427467, "rank": 46}, "New Girl": {"rating": 8.1842013180323256, "rank": 23}, "Person of Interest": {"rating": 8.1463819970463387, "rank": 25}, "Bones": {"rating": 7.4956416609329661, "rank": 55}, "Game of Silence": {"rating": 7.3901463029987617, "rank": 59}, "11.22.63": {"rating": 6.7990432714502029, "rank": 89}, "Scorpion": {"rating": 6.880162042640718, "rank": 82}, "Lucifer": {"rating": 6.7326068088210693, "rank": 91}, "Fargo": {"rating": 7.232625102633266, "rank": 67}, "How I Met Your Mother": {"rating": 8.9360027290820501, "rank": 4}, "The Originals": {"rating": 8.3763759755007854, "rank": 14}, "Limitless": {"rating": 6.8537942175045927, "rank": 86}, "True Detective": {"rating": 8.3743931158508165, "rank": 15}, "Agents of S.H.I.E.L.D.": {"rating": 8.1514397048392127, "rank": 24}, "The Vampire Diaries": {"rating": 8.2790988053745469, "rank": 20}, "The Magicians": {"rating": 7.2169484982199332, "rank": 68}, "The Ranch": {"rating": 7.6124472587427467, "rank": 47}, "Archer": {"rating": 7.2822933579699356, "rank": 63}, "Sleepy Hollow": {"rating": 6.0766658272792995, "rank": 100}, "Legends of Tomorrow": {"rating": 7.7265005157838775, "rank": 39}, "Outlander": {"rating": 7.2936062381388371, "rank": 62}, "Sherlock": {"rating": 8.0160585287008121, "rank": 31}, "Breaking Bad": {"rating": 9.3409093630826092, "rank": 3}, "Downton Abbey": {"rating": 7.5494265500343465, "rank": 51}, "The Night Manager": {"rating": 7.5319535309910917, "rank": 52}, "Dexter": {"rating": 7.5113609382086075, "rank": 54}, "Teen Wolf": {"rating": 8.1901666240894198, "rank": 22}, "The Big Bang Theory": {"rating": 8.8989801466256626, "rank": 5}, "Hunters": {"rating": 6.5577424555627326, "rank": 96}, "Girls": {"rating": 7.7225614764669244, "rank": 40}, "Brooklyn Nine-Nine": {"rating": 8.5121527449474339, "rank": 10}, "American Crime Story": {"rating": 7.4314708289052618, "rank": 58}, "Law & Order: Special Victims Unit": {"rating": 7.2400920673884954, "rank": 66}, "Fear the Walking Dead": {"rating": 8.3398808352076994, "rank": 17}, "Black Sails": {"rating": 7.7482705483332861, "rank": 38}, "Modern Family": {"rating": 8.1413814035549272, "rank": 26}, "Blindspot": {"rating": 6.612313424778324, "rank": 94}, "Grease Live!": {"rating": 6.7034871705714503, "rank": 92}, "Pretty Little Liars": {"rating": 7.8567154920992293, "rank": 35}, "Bloodline": {"rating": 6.9211599297169233, "rank": 80}, "Narcos": {"rating": 7.1951673392131026, "rank": 69}, "Castle": {"rating": 7.048216803582946, "rank": 74}, "Peaky Blinders": {"rating": 6.9422374612325886, "rank": 79}, "Gilmore Girls": {"rating": 7.5906501921754188, "rank": 48}, "Shadowhunters: The Mortal Instruments": {"rating": 6.8655533959362494, "rank": 83}, "The Americans": {"rating": 7.7083925309531756, "rank": 42}, "Billions": {"rating": 6.4396664514161426, "rank": 97}, "Sons of Anarchy": {"rating": 8.3022173662812584, "rank": 19}, "Elementary": {"rating": 7.0098589217437723, "rank": 76}, "Criminal Minds": {"rating": 7.4372688934827371, "rank": 56}, "Unbreakable Kimmy Schmidt": {"rating": 6.9557414051380171, "rank": 78}, "Bates Motel": {"rating": 7.1630556406088006, "rank": 72}, "Doctor Who": {"rating": 7.5870331263428827, "rank": 49}, "Homeland": {"rating": 7.6140992547245796, "rank": 45}, "Orange Is the New Black": {"rating": 8.6442558998052839, "rank": 7}, "Quantico": {"rating": 6.386457724628654, "rank": 98}, "Nashville": {"rating": 6.8385475549374961, "rank": 87}, "Game of Thrones": {"rating": 9.4573968613687391, "rank": 2}, "Vinyl": {"rating": 6.7984391393549544, "rank": 90}, "Friends": {"rating": 8.5448543855834238, "rank": 9}, "The Catch": {"rating": 7.2632974786714302, "rank": 64}, "That '70s Show": {"rating": 8.0415852768255753, "rank": 30}, "Lost": {"rating": 7.8271154476736911, "rank": 36}, "House of Cards": {"rating": 8.6063693284551004, "rank": 8}, "House M.D.": {"rating": 8.2439015822709756, "rank": 21}, "Once Upon a Time": {"rating": 8.4661748299231405, "rank": 13}, "Daredevil": {"rating": 7.927236563285696, "rank": 34}, "Scandal": {"rating": 6.2601506769331552, "rank": 99}, "The Good Wife": {"rating": 7.5761336654031703, "rank": 50}, "iZombie": {"rating": 6.6529160499391686, "rank": 93}, "The Office": {"rating": 8.8233071784133887, "rank": 6}, "Orphan Black": {"rating": 7.6893504781132238, "rank": 43}, "How to Get Away with Murder": {"rating": 8.1162088104042791, "rank": 27}, "Mr. Robot": {"rating": 7.7138835672971995, "rank": 41}, "Better Call Saul": {"rating": 8.0040343639495948, "rank": 32}, "Empire": {"rating": 6.9187523274749845, "rank": 81}, "American Horror Story": {"rating": 8.4701110591746698, "rank": 12}}